{
  "_fv": 60,
  "_type": "armor",
  "definition": {
    "enableHelmet": true,
    "textureHelmet": "godarmor_head",
    "enableBody": true,
    "textureBody": "godarmor_body",
    "enableLeggings": true,
    "textureLeggings": "godarmor_leggings",
    "enableBoots": true,
    "textureBoots": "godarmor_boots",
    "onHelmetTick": {
      "name": "GODARMORHelmetTickEvent"
    },
    "onBodyTick": {
      "name": "GODARMORChestplateTickEvent"
    },
    "onLeggingsTick": {
      "name": "GODARMORLeggingsTickEvent"
    },
    "onBootsTick": {
      "name": "GODARMORBootsTickEvent"
    },
    "creativeTab": {
      "value": "COMBAT"
    },
    "armorTextureFile": "godarmor",
    "helmetName": "GODARMOR Helmet",
    "bodyName": "GODARMOR Chestplate",
    "leggingsName": "GODARMOR Leggings",
    "bootsName": "GODARMOR Boots",
    "helmetSpecialInformation": {
      "fixedValue": []
    },
    "bodySpecialInformation": {
      "fixedValue": []
    },
    "leggingsSpecialInformation": {
      "fixedValue": []
    },
    "bootsSpecialInformation": {
      "fixedValue": []
    },
    "helmetModelName": "Default",
    "helmetModelPart": "Helmet",
    "helmetModelTexture": "From armor",
    "bodyModelName": "Default",
    "bodyModelPart": "Body",
    "armsModelPartL": "Arms L",
    "armsModelPartR": "Arms R",
    "bodyModelTexture": "From armor",
    "leggingsModelName": "Default",
    "leggingsModelPartL": "Leggings L",
    "leggingsModelPartR": "Leggings R",
    "leggingsModelTexture": "From armor",
    "bootsModelName": "Default",
    "bootsModelPartL": "Boots L",
    "bootsModelPartR": "Boots R",
    "bootsModelTexture": "From armor",
    "helmetItemRenderType": 0,
    "helmetItemCustomModelName": "Normal",
    "bodyItemRenderType": 0,
    "bodyItemCustomModelName": "Normal",
    "leggingsItemRenderType": 0,
    "leggingsItemCustomModelName": "Normal",
    "bootsItemRenderType": 0,
    "bootsItemCustomModelName": "Normal",
    "helmetImmuneToFire": false,
    "bodyImmuneToFire": false,
    "leggingsImmuneToFire": false,
    "bootsImmuneToFire": false,
    "helmetPiglinNeutral": {
      "fixedValue": false
    },
    "bodyPiglinNeutral": {
      "fixedValue": false
    },
    "leggingsPiglinNeutral": {
      "fixedValue": false
    },
    "bootsPiglinNeutral": {
      "fixedValue": false
    },
    "maxDamage": 1024,
    "damageValueHelmet": 1024,
    "damageValueBody": 1024,
    "damageValueLeggings": 1024,
    "damageValueBoots": 1024,
    "enchantability": 100,
    "toughness": 10.0,
    "knockbackResistance": 0.0,
    "equipSound": {
      "value": ""
    },
    "repairItems": []
  }
}