{
  "_fv": 60,
  "_type": "recipe",
  "definition": {
    "recipeType": "Crafting",
    "recipeRetstackSize": 1,
    "group": "vf",
    "cookingBookCategory": "MISC",
    "xpReward": 0.0,
    "cookingTime": 200,
    "craftingBookCategory": "MISC",
    "recipeShapeless": false,
    "recipeSlots": [
      {
        "value": "CUSTOM:GODINGOT"
      },
      {
        "value": "CUSTOM:GODINGOT"
      },
      {
        "value": ""
      },
      {
        "value": "CUSTOM:GODINGOT"
      },
      {
        "value": "Blocks.SCULK_CATALYST"
      },
      {
        "value": ""
      },
      {
        "value": ""
      },
      {
        "value": "Items.STICK"
      },
      {
        "value": ""
      }
    ],
    "recipeReturnStack": {
      "value": "CUSTOM:GODAXE"
    },
    "name": "godaxecraft",
    "namespace": "mod"
  }
}