{
  "display": {
    "background": "minecraft:textures/block/stone.png",
    "icon": {
      "item": "eli_vanderlip:sus_helmet"
    },
    "title": {
      "translate": "advancements.mc.title"
    },
    "description": {
      "translate": "advancements.mc.descr"
    },
    "frame": "task",
    "show_toast": true,
    "announce_to_chat": true,
    "hidden": false
  },
  "criteria": {
    "mc_0": {
      "trigger": "minecraft:inventory_changed",
      "conditions": {
        "items": [
          {
            "items": [
              "eli_vanderlip:chicken"
            ],
            "count": {
              "min": 1,
              "max": 1
            }
          }
        ]
      }
    }
  },
  "rewards": {
    "experience": 100
  }
}