{
  "_fv": 66,
  "_type": "fluid",
  "definition": {
    "name": "Hot Chocolate",
    "bucketName": "Hot Chocolate Bucket",
    "textureStill": "cocoal",
    "textureFlowing": "cocoal",
    "tintType": "No tint",
    "canMultiply": true,
    "flowRate": 5,
    "levelDecrease": 1,
    "slopeFindDistance": 4,
    "spawnParticles": true,
    "dripParticle": {
      "value": "EXPLOSION_NORMAL"
    },
    "flowStrength": 1.0,
    "luminosity": 15,
    "density": 1000,
    "viscosity": 1000,
    "temperature": 1000,
    "type": "LAVA",
    "generateBucket": true,
    "textureBucket": "cocoa_bucket",
    "creativeTabs": [
      {
        "value": "MATERIALS"
      },
      {
        "value": "CUSTOM:ModdedItems"
      }
    ],
    "emptySound": {
      "value": ""
    },
    "rarity": "RARE",
    "specialInformation": {
      "fixedValue": []
    },
    "resistance": 100.0,
    "luminance": 15,
    "lightOpacity": 15,
    "emissiveRendering": false,
    "tickRate": 0,
    "flammability": 0,
    "fireSpreadSpeed": 0,
    "colorOnMap": "DEFAULT"
  }
}