{
  "_fv": 66,
  "_type": "enchantment",
  "definition": {
    "name": "Reflection",
    "type": "BREAKABLE",
    "rarity": "VERY_RARE",
    "maxLevel": 10,
    "damageModifier": 5,
    "compatibleEnchantments": [],
    "excludeEnchantments": true,
    "compatibleItems": [
      {
        "value": "Items.SHIELD"
      }
    ],
    "excludeItems": false,
    "isTreasureEnchantment": true,
    "isCurse": false,
    "isAllowedOnBooks": true,
    "canGenerateInLootTables": true,
    "canVillagerTrade": true
  }
}