{
  "_fv": 66,
  "_type": "achievement",
  "definition": {
    "achievementName": "Revenge!",
    "achievementDescription": "Hurt a mob that is hurting you.",
    "achievementIcon": {
      "value": "Items.SHIELD"
    },
    "background": "Default",
    "disableDisplay": false,
    "showPopup": true,
    "announceToChat": true,
    "hideIfNotCompleted": false,
    "rewardLoot": [],
    "rewardRecipes": [],
    "rewardFunction": "No function",
    "rewardXP": 5,
    "achievementType": "challenge",
    "parent": {
      "value": "story/enchant_item"
    },
    "triggerxml": "<xml xmlns=\"https://developers.google.com/blockly/xml\"><block type=\"advancement_trigger\" deletable=\"false\" x=\"224\" y=\"101\"><next><block type=\"custom_trigger\"></block></next></block></xml>"
  }
}