{
  "_fv": 60,
  "_type": "projectile",
  "definition": {
    "projectileItem": {
      "value": "CUSTOM:SlimeSithe"
    },
    "showParticles": true,
    "actionSound": {
      "value": "entity.arrow.shoot"
    },
    "igniteFire": true,
    "power": 10.0,
    "damage": 10.0,
    "knockback": 10,
    "entityModel": "Default",
    "customModelTexture": "",
    "onHitsBlock": {
      "name": "ExpodeProjectileHitsLivingEntity"
    },
    "onHitsPlayer": {
      "name": "ExpodeProjectileHitsLivingEntity"
    },
    "onHitsEntity": {
      "name": "ExpodeProjectileHitsLivingEntity"
    }
  }
}