{
  "_fv": 60,
  "_type": "potioneffect",
  "definition": {
    "effectName": "Lightning",
    "icon": "hhh.png",
    "color": {
      "value": -154,
      "falpha": 0.0
    },
    "isInstant": false,
    "isBad": true,
    "isBenefitical": false,
    "renderStatusInInventory": true,
    "renderStatusInHUD": true,
    "onStarted": {
      "name": "LightningOnEffectActiveTick"
    },
    "onActiveTick": {
      "name": "LightningOnEffectActiveTick"
    },
    "onExpired": {
      "name": "LightningOnEffectActiveTick"
    }
  }
}