{
  "_fv": 60,
  "_type": "tool",
  "definition": {
    "toolType": "Special",
    "renderType": 0,
    "blockingRenderType": 0,
    "texture": "goosythe",
    "customModelName": "Normal",
    "blockingModelName": "Normal blocking",
    "name": "Goo Sithe",
    "specialInformation": {
      "fixedValue": []
    },
    "creativeTab": {
      "value": "COMBAT"
    },
    "harvestLevel": 1,
    "efficiency": 6.0,
    "attackSpeed": 5.0,
    "enchantability": 3,
    "damageVsEntity": 10.0,
    "usageCount": 1000,
    "blocksAffected": [],
    "glowCondition": {
      "fixedValue": false
    },
    "repairItems": [],
    "immuneToFire": true,
    "stayInGridWhenCrafting": false,
    "damageOnCrafting": false,
    "onRightClickedInAir": {
      "name": "SlimeSitheRightclicked"
    }
  }
}