{
  "_fv": 60,
  "_type": "biome",
  "definition": {
    "name": "Spore",
    "groundBlock": {
      "value": "CUSTOM:SporeGrass"
    },
    "undergroundBlock": {
      "value": "CUSTOM:SporeDirt"
    },
    "underwaterBlock": {
      "value": "CUSTOM:SporeSand"
    },
    "airColor": {
      "value": -26215,
      "falpha": 0.0
    },
    "foliageColor": {
      "value": -3407719,
      "falpha": 0.0
    },
    "waterColor": {
      "value": -154,
      "falpha": 0.0
    },
    "waterFogColor": {
      "value": -103,
      "falpha": 0.0
    },
    "ambientSound": {
      "value": "ambient.warped_forest.loop"
    },
    "additionsSound": {
      "value": "ambient.warped_forest.loop"
    },
    "music": {
      "value": "ambient.warped_forest.loop"
    },
    "moodSound": {
      "value": "ambient.warped_forest.loop"
    },
    "moodSoundDelay": 6000,
    "spawnParticles": true,
    "particleToSpawn": {
      "value": "WARPED_SPORE"
    },
    "particlesProbability": 1.0,
    "rainingPossibility": 0.5,
    "temperature": 0.5,
    "spawnBiome": true,
    "spawnInCaves": false,
    "spawnBiomeNether": false,
    "genTemperature": {
      "min": -0.5,
      "max": 0.5
    },
    "genHumidity": {
      "min": -0.5,
      "max": 0.5
    },
    "genContinentalness": {
      "min": 0.3,
      "max": 1.0
    },
    "genErosion": {
      "min": -1.0E-4,
      "max": 0.0
    },
    "genWeirdness": {
      "min": -1.0,
      "max": 1.0
    },
    "treesPerChunk": 1,
    "vanillaTreeType": "Default",
    "treeType": 1,
    "minHeight": 7,
    "treeStem": {
      "value": "CUSTOM:SporeTree"
    },
    "treeBranch": {
      "value": "CUSTOM:SporeLeaves"
    },
    "treeVines": {
      "value": ""
    },
    "treeFruits": {
      "value": ""
    },
    "defaultFeatures": [
      "Caves",
      "Ores",
      "ForestGrass",
      "ExtraEmeraldOre"
    ],
    "spawnStronghold": false,
    "spawnMineshaft": false,
    "spawnMineshaftMesa": false,
    "spawnPillagerOutpost": false,
    "villageType": "plains",
    "spawnWoodlandMansion": false,
    "spawnJungleTemple": false,
    "spawnDesertPyramid": false,
    "spawnSwampHut": false,
    "spawnIgloo": false,
    "spawnOceanMonument": false,
    "spawnShipwreck": false,
    "spawnShipwreckBeached": false,
    "spawnBuriedTreasure": false,
    "oceanRuinType": "NONE",
    "spawnNetherBridge": false,
    "spawnNetherFossil": false,
    "spawnBastionRemnant": false,
    "spawnEndCity": false,
    "spawnRuinedPortal": "STANDARD",
    "spawnEntries": [
      {
        "entity": {
          "value": "EntityMooshroom"
        },
        "minGroup": 4,
        "maxGroup": 4,
        "weight": 20,
        "spawnType": "creature"
      },
      {
        "entity": {
          "value": "EntityIllusionIllager"
        },
        "minGroup": 1,
        "maxGroup": 1,
        "weight": 20,
        "spawnType": "monster"
      }
    ]
  }
}