{
  "_fv": 60,
  "_type": "livingentity",
  "definition": {
    "mobName": "Whiskers",
    "mobLabel": "",
    "mobModelName": "Ocelot",
    "mobModelTexture": "whiskers.png",
    "transparentModelCondition": {
      "fixedValue": false
    },
    "isShakingCondition": {
      "fixedValue": false
    },
    "solidBoundingBox": {
      "fixedValue": false
    },
    "visualScale": {
      "fixedValue": 1.0
    },
    "boundingBoxScale": {
      "fixedValue": 1.0
    },
    "modelLayers": [],
    "modelWidth": 0.6,
    "modelHeight": 0.7,
    "modelShadowSize": 0.5,
    "mountedYOffset": 0.0,
    "hasSpawnEgg": true,
    "spawnEggBaseColor": {
      "value": -16777216,
      "falpha": 0.0
    },
    "spawnEggDotColor": {
      "value": -1,
      "falpha": 0.0
    },
    "creativeTab": {
      "value": "MISC"
    },
    "isBoss": false,
    "bossBarColor": "PINK",
    "bossBarType": "PROGRESS",
    "equipmentMainHand": {
      "value": "Items.STRING"
    },
    "equipmentOffHand": {
      "value": ""
    },
    "equipmentHelmet": {
      "value": ""
    },
    "equipmentBody": {
      "value": ""
    },
    "equipmentLeggings": {
      "value": ""
    },
    "equipmentBoots": {
      "value": ""
    },
    "mobBehaviourType": "Creature",
    "mobCreatureType": "UNDEFINED",
    "attackStrength": 3,
    "attackKnockback": 0.0,
    "knockbackResistance": 0.0,
    "movementSpeed": 0.3,
    "stepHeight": 0.6,
    "armorBaseValue": 0.0,
    "trackingRange": 64,
    "followRange": 27,
    "health": 10,
    "xpAmount": 0,
    "waterMob": false,
    "breatheUnderwater": {
      "fixedValue": false
    },
    "pushedByFluids": {
      "fixedValue": true
    },
    "flyingMob": false,
    "guiBoundTo": "<NONE>",
    "inventorySize": 9,
    "inventoryStackSize": 64,
    "disableCollisions": false,
    "ridable": false,
    "canControlForward": false,
    "canControlStrafe": false,
    "immuneToFire": true,
    "immuneToArrows": true,
    "immuneToFallDamage": true,
    "immuneToCactus": true,
    "immuneToDrowning": true,
    "immuneToLightning": true,
    "immuneToPotions": true,
    "immuneToPlayer": true,
    "immuneToExplosion": true,
    "immuneToTrident": true,
    "immuneToAnvil": true,
    "immuneToWither": true,
    "immuneToDragonBreath": true,
    "mobDrop": {
      "value": "Items.STRING"
    },
    "livingSound": {
      "value": "entity.cat.ambient"
    },
    "hurtSound": {
      "value": "entity.cat.hurt"
    },
    "deathSound": {
      "value": "entity.cat.death"
    },
    "stepSound": {
      "value": "item.ink_sac.use"
    },
    "entityDataEntries": [],
    "onRightClickedOn": {
      "name": "WhiskersRightClickedOnEntity"
    },
    "hasAI": true,
    "aiBase": "(none)",
    "aixml": "<xml xmlns=\"https://developers.google.com/blockly/xml\"><block type=\"aitasks_container\" deletable=\"false\" x=\"40\" y=\"40\"><next><block type=\"wander\"><field name=\"speed\">1</field><field name=\"condition\">null,null</field><next><block type=\"protect_owner\"><field name=\"condition\">null,null</field><next><block type=\"fight_as_owner\"><field name=\"condition\">null,null</field><next><block type=\"look_around\"><field name=\"condition\">null,null</field><next><block type=\"swim_in_water\"><field name=\"condition\">null,null</field></block></next></block></next></block></next></block></next></block></next></block></xml>",
    "breedable": true,
    "tameable": true,
    "breedTriggerItems": [
      {
        "value": "Items.COOKED_FISH"
      }
    ],
    "ranged": false,
    "rangedAttackItem": {
      "value": ""
    },
    "rangedItemType": "Default item",
    "rangedAttackInterval": 20,
    "rangedAttackRadius": 10.0,
    "spawnThisMob": true,
    "doesDespawnWhenIdle": true,
    "spawningProbability": 20,
    "mobSpawningType": "creature",
    "minNumberOfMobsPerGroup": 1,
    "maxNumberOfMobsPerGroup": 1,
    "restrictionBiomes": [
      {
        "value": "cherry_grove"
      }
    ],
    "spawnInDungeons": false
  }
}