{
  "has_precipitation": true,
  "temperature": 0.5,
  "downfall": 0.5,
  "effects": {
    "ambient_sound": "ambient.warped_forest.loop",
    "mood_sound": {
      "sound": "ambient.warped_forest.loop",
      "tick_delay": 6000,
      "offset": 8,
      "block_search_extent": 2
    },
    "additions_sound": {
      "sound": "ambient.warped_forest.loop",
      "tick_chance": 0.0111
    },
    "music": {
      "sound": "ambient.warped_forest.loop",
      "min_delay": 12000,
      "max_delay": 24000,
      "replace_current_music": true
    },
    "particle": {
      "options": {
        "type": "warped_spore"
      },
      "probability": 0.01
    },
    "foliage_color": -3407719,
    "grass_color": 9470285,
    "sky_color": -26215,
    "fog_color": -26215,
    "water_color": -154,
    "water_fog_color": -103
  },
  "spawners": {
    "monster": [
      {
        "type": "illusioner",
        "weight": 20,
        "minCount": 1,
        "maxCount": 1
      }
    ],
    "creature": [
      {
        "type": "mooshroom",
        "weight": 20,
        "minCount": 4,
        "maxCount": 4
      }
    ],
    "ambient": [],
    "axolotls": [],
    "underground_water_creature": [],
    "water_creature": [],
    "water_ambient": [],
    "misc": []
  },
  "spawn_costs": {},
  "carvers": {
    "air": [
      "minecraft:cave",
      "minecraft:cave_extra_underground",
      "minecraft:canyon"
    ]
  },
  "features": [
    [],
    [
      "minecraft:lake_lava_underground"
    ],
    [],
    [],
    [],
    [],
    [
      "minecraft:ore_coal_upper",
      "minecraft:ore_coal_lower",
      "minecraft:ore_iron_upper",
      "minecraft:ore_iron_middle",
      "minecraft:ore_iron_small",
      "minecraft:ore_gold",
      "minecraft:ore_gold_lower",
      "minecraft:ore_redstone",
      "minecraft:ore_redstone_lower",
      "minecraft:ore_diamond",
      "minecraft:ore_diamond_large",
      "minecraft:ore_diamond_buried",
      "minecraft:ore_lapis",
      "minecraft:ore_lapis_buried",
      "minecraft:ore_copper",
      "minecraft:underwater_magma",
      "minecraft:ore_emerald"
    ],
    [],
    [],
    [
      "owen_klein:spore_tree",
      "minecraft:patch_grass_forest"
    ],
    []
  ]
}