{
  "_fv": 60,
  "_type": "armor",
  "definition": {
    "enableHelmet": true,
    "textureHelmet": "armour4",
    "enableBody": true,
    "textureBody": "armour3",
    "enableLeggings": true,
    "textureLeggings": "armour2",
    "enableBoots": true,
    "textureBoots": "armour",
    "creativeTab": {
      "value": "COMBAT"
    },
    "armorTextureFile": "silverarmour",
    "helmetName": "Gravityarmour Helmet",
    "bodyName": "Gravityarmour Chestplate",
    "leggingsName": "Gravityarmour Leggings",
    "bootsName": "Gravityarmour Boots",
    "helmetSpecialInformation": {
      "fixedValue": []
    },
    "bodySpecialInformation": {
      "fixedValue": []
    },
    "leggingsSpecialInformation": {
      "fixedValue": []
    },
    "bootsSpecialInformation": {
      "fixedValue": []
    },
    "helmetModelName": "Default",
    "helmetModelPart": "Helmet",
    "helmetModelTexture": "From armor",
    "bodyModelName": "Default",
    "bodyModelPart": "Body",
    "armsModelPartL": "Arms L",
    "armsModelPartR": "Arms R",
    "bodyModelTexture": "From armor",
    "leggingsModelName": "Default",
    "leggingsModelPartL": "Leggings L",
    "leggingsModelPartR": "Leggings R",
    "leggingsModelTexture": "From armor",
    "bootsModelName": "Default",
    "bootsModelPartL": "Boots L",
    "bootsModelPartR": "Boots R",
    "bootsModelTexture": "From armor",
    "helmetItemRenderType": 0,
    "helmetItemCustomModelName": "Normal",
    "bodyItemRenderType": 0,
    "bodyItemCustomModelName": "Normal",
    "leggingsItemRenderType": 0,
    "leggingsItemCustomModelName": "Normal",
    "bootsItemRenderType": 0,
    "bootsItemCustomModelName": "Normal",
    "helmetImmuneToFire": false,
    "bodyImmuneToFire": false,
    "leggingsImmuneToFire": false,
    "bootsImmuneToFire": false,
    "helmetPiglinNeutral": {
      "fixedValue": false
    },
    "bodyPiglinNeutral": {
      "fixedValue": false
    },
    "leggingsPiglinNeutral": {
      "fixedValue": false
    },
    "bootsPiglinNeutral": {
      "fixedValue": false
    },
    "maxDamage": 999,
    "damageValueHelmet": 200,
    "damageValueBody": 200,
    "damageValueLeggings": 200,
    "damageValueBoots": 200,
    "enchantability": 9,
    "toughness": 5.0,
    "knockbackResistance": 5.0,
    "equipSound": {
      "value": ""
    },
    "repairItems": [
      {
        "value": "CUSTOM:Silveringot"
      }
    ]
  }
}