{
  "_fv": 66,
  "_type": "recipe",
  "definition": {
    "recipeType": "Crafting",
    "recipeRetstackSize": 1,
    "group": "",
    "cookingBookCategory": "MISC",
    "xpReward": 0.0,
    "cookingTime": 200,
    "craftingBookCategory": "MISC",
    "recipeShapeless": false,
    "recipeSlots": [
      {
        "value": "CUSTOM:AxolotlIngot"
      },
      {
        "value": "CUSTOM:AxolotlIngot"
      },
      {
        "value": "CUSTOM:AxolotlIngot"
      },
      {
        "value": "CUSTOM:AxolotlIngot"
      },
      {
        "value": ""
      },
      {
        "value": "CUSTOM:AxolotlIngot"
      },
      {
        "value": "CUSTOM:AxolotlIngot"
      },
      {
        "value": ""
      },
      {
        "value": "CUSTOM:AxolotlIngot"
      }
    ],
    "recipeReturnStack": {
      "value": "CUSTOM:AxolotlArmor.legs"
    },
    "name": "axolotl_leggings_recipe",
    "namespace": "mod"
  }
}