{
  "_fv": 66,
  "_type": "potion",
  "definition": {
    "potionName": "Potion of Axolotl",
    "splashName": "Splash Potion of Axolotl",
    "lingeringName": "Lingering Potion of Axolotl",
    "arrowName": "Arrow of Axolotl",
    "effects": [
      {
        "effect": {
          "value": "WATER_BREATHING"
        },
        "duration": 3600,
        "amplifier": 0,
        "ambient": false,
        "showParticles": true
      },
      {
        "effect": {
          "value": "NIGHT_VISION"
        },
        "duration": 3600,
        "amplifier": 0,
        "ambient": false,
        "showParticles": true
      },
      {
        "effect": {
          "value": "REGENERATION"
        },
        "duration": 3600,
        "amplifier": 0,
        "ambient": false,
        "showParticles": true
      },
      {
        "effect": {
          "value": "DOLPHINS_GRACE"
        },
        "duration": 3600,
        "amplifier": 0,
        "ambient": false,
        "showParticles": true
      },
      {
        "effect": {
          "value": "SLOWNESS"
        },
        "duration": 3600,
        "amplifier": 0,
        "ambient": false,
        "showParticles": true
      }
    ]
  }
}