{
  "_fv": 66,
  "_type": "armor",
  "definition": {
    "enableHelmet": true,
    "textureHelmet": "axolotlhelmet",
    "enableBody": true,
    "textureBody": "axolotlchestplate",
    "enableLeggings": true,
    "textureLeggings": "axolotlleggings",
    "enableBoots": true,
    "textureBoots": "axolotlboots_",
    "onHelmetTick": {
      "name": "AxolotlArmorHelmetTickEvent"
    },
    "creativeTabs": [
      {
        "value": "COMBAT"
      }
    ],
    "armorTextureFile": "axolotl",
    "helmetName": "Axolotl Armor Helmet",
    "bodyName": "Axolotl Armor Chestplate",
    "leggingsName": "Axolotl Armor Leggings",
    "bootsName": "Axolotl Armor Boots",
    "helmetSpecialInformation": {
      "fixedValue": []
    },
    "bodySpecialInformation": {
      "fixedValue": []
    },
    "leggingsSpecialInformation": {
      "fixedValue": []
    },
    "bootsSpecialInformation": {
      "fixedValue": []
    },
    "helmetModelName": "ModelCustomModel",
    "helmetModelPart": "Head",
    "helmetModelTexture": "armor_main.png",
    "bodyModelName": "Default",
    "bodyModelPart": "Body",
    "armsModelPartL": "Arms L",
    "armsModelPartR": "Arms R",
    "bodyModelTexture": "From armor",
    "leggingsModelName": "Default",
    "leggingsModelPartL": "Leggings L",
    "leggingsModelPartR": "Leggings R",
    "leggingsModelTexture": "From armor",
    "bootsModelName": "Default",
    "bootsModelPartL": "Boots L",
    "bootsModelPartR": "Boots R",
    "bootsModelTexture": "From armor",
    "helmetItemRenderType": 0,
    "helmetItemCustomModelName": "Normal",
    "bodyItemRenderType": 0,
    "bodyItemCustomModelName": "Normal",
    "leggingsItemRenderType": 0,
    "leggingsItemCustomModelName": "Normal",
    "bootsItemRenderType": 0,
    "bootsItemCustomModelName": "Normal",
    "helmetImmuneToFire": false,
    "bodyImmuneToFire": false,
    "leggingsImmuneToFire": false,
    "bootsImmuneToFire": false,
    "helmetGlowCondition": {
      "fixedValue": false
    },
    "bodyGlowCondition": {
      "fixedValue": false
    },
    "leggingsGlowCondition": {
      "fixedValue": false
    },
    "bootsGlowCondition": {
      "fixedValue": false
    },
    "helmetPiglinNeutral": {
      "fixedValue": false
    },
    "bodyPiglinNeutral": {
      "fixedValue": false
    },
    "leggingsPiglinNeutral": {
      "fixedValue": false
    },
    "bootsPiglinNeutral": {
      "fixedValue": false
    },
    "maxDamage": 315,
    "damageValueHelmet": 3,
    "damageValueBody": 7,
    "damageValueLeggings": 6,
    "damageValueBoots": 3,
    "enchantability": 9,
    "toughness": 1.5,
    "knockbackResistance": 0.01,
    "equipSound": {
      "value": "entity.axolotl.splash"
    },
    "repairItems": []
  }
}