{
	"credit": "Made with Blockbench",
	"texture_size": [32, 32],
	"textures": {
		"0": "block/texture",
		"particle": "block/texture"
	},
	"elements": [
		{
			"from": [7, 0, 6],
			"to": [11, 9, 8],
			"rotation": {"angle": 0, "axis": "y", "origin": [7, 0, 6]},
			"faces": {
				"north": {"uv": [0, 0, 2, 4.5], "texture": "#0"},
				"east": {"uv": [2, 10, 3, 14.5], "texture": "#0"},
				"south": {"uv": [2, 0, 4, 4.5], "texture": "#0"},
				"west": {"uv": [3, 10, 4, 14.5], "texture": "#0"},
				"up": {"uv": [6, 11, 4, 10], "texture": "#0"},
				"down": {"uv": [12, 5, 10, 6], "texture": "#0"}
			}
		},
		{
			"from": [-1, 0, 6],
			"to": [1, 9, 8],
			"rotation": {"angle": 0, "axis": "y", "origin": [-1, 0, 6]},
			"faces": {
				"north": {"uv": [9, 5, 10, 9.5], "texture": "#0"},
				"east": {"uv": [9, 9.5, 10, 14], "texture": "#0"},
				"south": {"uv": [0, 10, 1, 14.5], "texture": "#0"},
				"west": {"uv": [1, 10, 2, 14.5], "texture": "#0"},
				"up": {"uv": [7, 12, 6, 11], "texture": "#0"},
				"down": {"uv": [12, 6, 11, 7], "texture": "#0"}
			}
		},
		{
			"from": [1, 7, 6],
			"to": [7, 9, 8],
			"rotation": {"angle": 0, "axis": "z", "origin": [-1, 9, 6]},
			"faces": {
				"north": {"uv": [4.5, 8, 9, 9], "texture": "#0"},
				"east": {"uv": [4, 11, 5, 12], "texture": "#0"},
				"south": {"uv": [8.5, 4, 13, 5], "texture": "#0"},
				"west": {"uv": [5, 11, 6, 12], "texture": "#0"},
				"up": {"uv": [4.5, 10, 0, 9], "texture": "#0"},
				"down": {"uv": [9, 9, 4.5, 10], "texture": "#0"}
			}
		},
		{
			"from": [-1, 9, 6],
			"to": [8, 11, 8],
			"rotation": {"angle": 0, "axis": "z", "origin": [-1, 11, 6]},
			"faces": {
				"north": {"uv": [4.5, 6, 9, 7], "texture": "#0"},
				"east": {"uv": [10.5, 2, 11.5, 3], "texture": "#0"},
				"south": {"uv": [0, 7, 4.5, 8], "texture": "#0"},
				"west": {"uv": [10.5, 3, 11.5, 4], "texture": "#0"},
				"up": {"uv": [9, 8, 4.5, 7], "texture": "#0"},
				"down": {"uv": [4.5, 8, 0, 9], "texture": "#0"}
			}
		},
		{
			"from": [6, 9, 6],
			"to": [19, 11, 8],
			"rotation": {"angle": 0, "axis": "z", "origin": [6, 15, 7]},
			"faces": {
				"north": {"uv": [4, 0, 10.5, 1], "texture": "#0"},
				"east": {"uv": [10.5, 0, 11.5, 1], "texture": "#0"},
				"south": {"uv": [4, 1, 10.5, 2], "texture": "#0"},
				"west": {"uv": [10.5, 1, 11.5, 2], "texture": "#0"},
				"up": {"uv": [10.5, 3, 4, 2], "texture": "#0"},
				"down": {"uv": [10.5, 3, 4, 4], "texture": "#0"}
			}
		},
		{
			"from": [6, 10, 10],
			"to": [15, 12, 12],
			"rotation": {"angle": 45, "axis": "x", "origin": [6, 16, 11]},
			"faces": {
				"north": {"uv": [4, 4, 8.5, 5], "texture": "#0"},
				"east": {"uv": [10, 9, 11, 10], "texture": "#0"},
				"south": {"uv": [0, 5, 4.5, 6], "texture": "#0"},
				"west": {"uv": [10, 10, 11, 11], "texture": "#0"},
				"up": {"uv": [9, 6, 4.5, 5], "texture": "#0"},
				"down": {"uv": [4.5, 6, 0, 7], "texture": "#0"}
			}
		},
		{
			"from": [1, 5, 6],
			"to": [3, 7, 8],
			"rotation": {"angle": 0, "axis": "y", "origin": [1, 5, 6]},
			"faces": {
				"north": {"uv": [6, 10, 7, 11], "texture": "#0"},
				"east": {"uv": [10, 6, 11, 7], "texture": "#0"},
				"south": {"uv": [7, 10, 8, 11], "texture": "#0"},
				"west": {"uv": [10, 7, 11, 8], "texture": "#0"},
				"up": {"uv": [9, 11, 8, 10], "texture": "#0"},
				"down": {"uv": [11, 8, 10, 9], "texture": "#0"}
			}
		}
	],
	"display": {
		"thirdperson_righthand": {
			"rotation": [19.23, 86.64, -17.2],
			"translation": [0, 2, -5],
			"scale": [0.85, 0.85, 0.85]
		},
		"thirdperson_lefthand": {
			"rotation": [-177.92, -84.01, -177.55],
			"translation": [0, 2, -5],
			"scale": [0.85, 0.85, 0.85]
		},
		"firstperson_righthand": {
			"rotation": [-180, 86.25, -180],
			"translation": [0, 3.5, -1.25]
		},
		"firstperson_lefthand": {
			"rotation": [0, -88, 0],
			"translation": [0, 3.75, -1.25]
		},
		"ground": {
			"scale": [0.61914, 0.61914, 0.61914]
		},
		"gui": {
			"rotation": [30, 225, 0],
			"translation": [-1.5, 1.25, 0],
			"scale": [1.39648, 1.39648, 1.39648]
		},
		"head": {
			"rotation": [29.75, 80.5, 0],
			"translation": [-0.25, 7.75, -5.75]
		},
		"fixed": {
			"rotation": [0, 89.25, 0],
			"translation": [0, 2.25, -21.75],
			"scale": [2.53711, 2.53711, 2.53711]
		}
	}
}