{
  "_fv": 60,
  "_type": "biome",
  "definition": {
    "name": "Deepdesert",
    "groundBlock": {
      "value": "Blocks.CONCRETE_POWDER#4"
    },
    "undergroundBlock": {
      "value": "CUSTOM:Tigerseyetangy"
    },
    "underwaterBlock": {
      "value": "Blocks.SLIME_BLOCK"
    },
    "ambientSound": {
      "value": ""
    },
    "additionsSound": {
      "value": ""
    },
    "music": {
      "value": "record.pigstep"
    },
    "moodSound": {
      "value": ""
    },
    "moodSoundDelay": 6000,
    "spawnParticles": false,
    "particleToSpawn": {
      "value": "EXPLOSION_NORMAL"
    },
    "particlesProbability": 0.5,
    "rainingPossibility": 0.0,
    "temperature": 2.0,
    "spawnBiome": true,
    "spawnInCaves": false,
    "spawnBiomeNether": true,
    "genTemperature": {
      "min": -0.1,
      "max": 0.9938
    },
    "genHumidity": {
      "min": -0.5,
      "max": 0.9046
    },
    "genContinentalness": {
      "min": 0.3,
      "max": 1.0026
    },
    "genErosion": {
      "min": -0.5,
      "max": 0.9
    },
    "genWeirdness": {
      "min": -1.0064,
      "max": 1.0
    },
    "treesPerChunk": 0,
    "vanillaTreeType": "Default",
    "treeType": 0,
    "minHeight": 7,
    "treeStem": {
      "value": ""
    },
    "treeBranch": {
      "value": ""
    },
    "treeVines": {
      "value": ""
    },
    "treeFruits": {
      "value": ""
    },
    "defaultFeatures": [
      "DeadBushes",
      "TaigaRocks"
    ],
    "spawnStronghold": true,
    "spawnMineshaft": false,
    "spawnMineshaftMesa": false,
    "spawnPillagerOutpost": true,
    "villageType": "desert",
    "spawnWoodlandMansion": false,
    "spawnJungleTemple": false,
    "spawnDesertPyramid": false,
    "spawnSwampHut": false,
    "spawnIgloo": false,
    "spawnOceanMonument": false,
    "spawnShipwreck": false,
    "spawnShipwreckBeached": false,
    "spawnBuriedTreasure": true,
    "oceanRuinType": "NONE",
    "spawnNetherBridge": true,
    "spawnNetherFossil": true,
    "spawnBastionRemnant": false,
    "spawnEndCity": false,
    "spawnRuinedPortal": "NONE",
    "spawnEntries": [
      {
        "entity": {
          "value": "CUSTOM:Beardeddragon"
        },
        "minGroup": 10,
        "maxGroup": 30,
        "weight": 20,
        "spawnType": "creature"
      }
    ]
  }
}