{
  "_fv": 60,
  "_type": "tool",
  "definition": {
    "toolType": "Sword",
    "renderType": 0,
    "blockingRenderType": 0,
    "texture": "tigerkatana",
    "customModelName": "Normal",
    "blockingModelName": "Normal blocking",
    "name": "Swordofthetiger",
    "specialInformation": {
      "fixedValue": []
    },
    "creativeTab": {
      "value": "COMBAT"
    },
    "harvestLevel": 755,
    "efficiency": 4.0,
    "attackSpeed": 100.0,
    "enchantability": 2,
    "damageVsEntity": 100.19999999999999,
    "usageCount": 300,
    "blocksAffected": [],
    "glowCondition": {
      "fixedValue": false
    },
    "repairItems": [],
    "immuneToFire": true,
    "stayInGridWhenCrafting": false,
    "damageOnCrafting": false
  }
}