{
  "_fv": 60,
  "_type": "enchantment",
  "definition": {
    "name": "Tangyenchantment",
    "type": "WEAPON",
    "rarity": "VERY_RARE",
    "minLevel": 250,
    "maxLevel": 500,
    "damageModifier": 600,
    "compatibleEnchantments": [
      {
        "value": "SHARPNESS"
      },
      {
        "value": "FIRE_ASPECT"
      },
      {
        "value": "KNOCKBACK"
      },
      {
        "value": "SMITE"
      }
    ],
    "excludeEnchantments": false,
    "compatibleItems": [
      {
        "value": "CUSTOM:Swordofthetiger"
      },
      {
        "value": "Items.DIAMOND_SWORD"
      },
      {
        "value": "Items.NETHERITE_SWORD"
      },
      {
        "value": "Items.GOLDEN_SWORD"
      },
      {
        "value": "Items.IRON_SWORD"
      }
    ],
    "excludeItems": false,
    "isTreasureEnchantment": true,
    "isCurse": false,
    "isAllowedOnBooks": true,
    "canGenerateInLootTables": true,
    "canVillagerTrade": true
  }
}