{
  "_fv": 60,
  "_type": "dimension",
  "definition": {
    "biomesInDimension": [
      {
        "value": "mutated_plains"
      }
    ],
    "worldGenType": "Normal world gen",
    "mainFillerBlock": {
      "value": "CUSTOM:Tigerseyetangy"
    },
    "fluidBlock": {
      "value": "Blocks.YELLOW_BED"
    },
    "canRespawnHere": true,
    "hasFog": true,
    "isDark": false,
    "doesWaterVaporize": true,
    "sleepResult": "BED_EXPLODES",
    "hasSkyLight": true,
    "imitateOverworldBehaviour": false,
    "portalFrame": {
      "value": "CUSTOM:Tigerseyetangy"
    },
    "portalParticles": {
      "value": "SMOKE_LARGE"
    },
    "portalLuminance": 0,
    "portalSound": {
      "value": "entity.mooshroom.milk"
    },
    "enableIgniter": true,
    "igniterName": "TangyIgniter",
    "igniterRarity": "EPIC",
    "specialInformation": {
      "fixedValue": []
    },
    "igniterTab": {
      "value": "MATERIALS"
    },
    "texture": "stangylighter",
    "portalTexture": "hello",
    "enablePortal": true
  }
}