{
  "_fv": 60,
  "_type": "tool",
  "definition": {
    "toolType": "Sword",
    "renderType": 0,
    "blockingRenderType": 0,
    "texture": "ff",
    "customModelName": "Normal",
    "blockingModelName": "Normal blocking",
    "name": "Durpysword",
    "specialInformation": {
      "fixedValue": []
    },
    "creativeTab": {
      "value": "COMBAT"
    },
    "harvestLevel": 35,
    "efficiency": 24.0,
    "attackSpeed": 100.0,
    "enchantability": 28,
    "damageVsEntity": 100000.0,
    "usageCount": 100000,
    "blocksAffected": [],
    "glowCondition": {
      "fixedValue": false
    },
    "repairItems": [],
    "immuneToFire": false,
    "stayInGridWhenCrafting": false,
    "damageOnCrafting": false,
    "onEntitySwing": {
      "name": "DurpyswordEntitySwingsItem"
    }
  }
}