{
  "_fv": 60,
  "_type": "biome",
  "definition": {
    "name": "Googman",
    "groundBlock": {
      "value": "Blocks.GRASS"
    },
    "undergroundBlock": {
      "value": "Blocks.EMERALD_ORE"
    },
    "underwaterBlock": {
      "value": "Blocks.WARPED_HYPHAE"
    },
    "grassColor": {
      "value": -10079233,
      "falpha": 0.0
    },
    "waterColor": {
      "value": -16711783,
      "falpha": 0.0
    },
    "ambientSound": {
      "value": ""
    },
    "additionsSound": {
      "value": ""
    },
    "music": {
      "value": ""
    },
    "moodSound": {
      "value": ""
    },
    "moodSoundDelay": 6000,
    "spawnParticles": false,
    "particleToSpawn": {
      "value": "EXPLOSION_NORMAL"
    },
    "particlesProbability": 0.5,
    "rainingPossibility": 0.5,
    "temperature": 1.0,
    "spawnBiome": true,
    "spawnInCaves": false,
    "spawnBiomeNether": true,
    "genTemperature": {
      "min": -0.5,
      "max": 0.5
    },
    "genHumidity": {
      "min": -0.5,
      "max": 0.5
    },
    "genContinentalness": {
      "min": 0.3,
      "max": 1.0
    },
    "genErosion": {
      "min": -0.5,
      "max": 0.5
    },
    "genWeirdness": {
      "min": -1.0,
      "max": 1.0
    },
    "treesPerChunk": 1,
    "vanillaTreeType": "Default",
    "treeType": 1,
    "minHeight": 7,
    "treeStem": {
      "value": "Blocks.AMETHYST_BLOCK"
    },
    "treeBranch": {
      "value": "Blocks.SMALL_AMETHYST_BUD"
    },
    "treeVines": {
      "value": "Blocks.AMETHYST_CLUSTER"
    },
    "treeFruits": {
      "value": "Blocks.MEDIUM_AMETHYST_BUD"
    },
    "defaultFeatures": [
      "Caves",
      "Ores",
      "FrozenTopLayer"
    ],
    "spawnStronghold": true,
    "spawnMineshaft": true,
    "spawnMineshaftMesa": true,
    "spawnPillagerOutpost": true,
    "villageType": "none",
    "spawnWoodlandMansion": true,
    "spawnJungleTemple": true,
    "spawnDesertPyramid": true,
    "spawnSwampHut": true,
    "spawnIgloo": true,
    "spawnOceanMonument": true,
    "spawnShipwreck": true,
    "spawnShipwreckBeached": true,
    "spawnBuriedTreasure": true,
    "oceanRuinType": "WARM",
    "spawnNetherBridge": true,
    "spawnNetherFossil": true,
    "spawnBastionRemnant": true,
    "spawnEndCity": true,
    "spawnRuinedPortal": "STANDARD",
    "spawnEntries": [
      {
        "entity": {
          "value": "CUSTOM:Eddie"
        },
        "minGroup": 4,
        "maxGroup": 4,
        "weight": 20,
        "spawnType": "creature"
      },
      {
        "entity": {
          "value": "EntityAllay"
        },
        "minGroup": 4,
        "maxGroup": 4,
        "weight": 20,
        "spawnType": "creature"
      },
      {
        "entity": {
          "value": "EntityOcelot"
        },
        "minGroup": 4,
        "maxGroup": 4,
        "weight": 20,
        "spawnType": "creature"
      },
      {
        "entity": {
          "value": "EntityVillager"
        },
        "minGroup": 4,
        "maxGroup": 4,
        "weight": 20,
        "spawnType": "monster"
      }
    ]
  }
}