{
  "_fv": 60,
  "_type": "projectile",
  "definition": {
    "projectileItem": {
      "value": "Blocks.AMETHYST_CLUSTER"
    },
    "showParticles": false,
    "actionSound": {
      "value": "entity.arrow.shoot"
    },
    "igniteFire": false,
    "power": 15.2,
    "damage": 10000.0,
    "knockback": 5,
    "entityModel": "Default",
    "customModelTexture": "",
    "onHitsBlock": {
      "name": "YyyProjectileHitsBlock"
    },
    "onHitsPlayer": {
      "name": "YyyProjectileHitsPlayer"
    },
    "onHitsEntity": {
      "name": "YyyProjectileHitsLivingEntity"
    }
  }
}