{
  "credit": "Made with Blockbench",
  "texture_size": [
    32,
    32
  ],
  "elements": [
    {
      "from": [
        7,
        0,
        12
      ],
      "to": [
        10,
        8,
        15
      ],
      "rotation": {
        "angle": 0,
        "axis": "y",
        "origin": [
          7,
          0,
          12
        ]
      },
      "faces": {
        "north": {
          "uv": [
            3,
            3,
            4.5,
            7
          ],
          "texture": "#0"
        },
        "east": {
          "uv": [
            4.5,
            3,
            6,
            7
          ],
          "texture": "#0"
        },
        "south": {
          "uv": [
            6,
            0,
            7.5,
            4
          ],
          "texture": "#0"
        },
        "west": {
          "uv": [
            6,
            4,
            7.5,
            8
          ],
          "texture": "#0"
        },
        "up": {
          "uv": [
            9,
            1.5,
            7.5,
            0
          ],
          "texture": "#0"
        },
        "down": {
          "uv": [
            9,
            1.5,
            7.5,
            3
          ],
          "texture": "#0"
        }
      }
    },
    {
      "from": [
        7,
        8,
        3
      ],
      "to": [
        10,
        11,
        15
      ],
      "rotation": {
        "angle": 0,
        "axis": "x",
        "origin": [
          7,
          8,
          12
        ]
      },
      "faces": {
        "north": {
          "uv": [
            3,
            7,
            4.5,
            8.5
          ],
          "texture": "#0"
        },
        "east": {
          "uv": [
            0,
            0,
            6,
            1.5
          ],
          "texture": "#0"
        },
        "south": {
          "uv": [
            4.5,
            7,
            6,
            8.5
          ],
          "texture": "#0"
        },
        "west": {
          "uv": [
            0,
            1.5,
            6,
            3
          ],
          "texture": "#0"
        },
        "up": {
          "uv": [
            1.5,
            9,
            0,
            3
          ],
          "texture": "#0"
        },
        "down": {
          "uv": [
            3,
            3,
            1.5,
            9
          ],
          "texture": "#0"
        }
      }
    },
    {
      "from": [
        7,
        6,
        10
      ],
      "to": [
        10,
        8,
        12
      ],
      "rotation": {
        "angle": 0,
        "axis": "y",
        "origin": [
          7,
          6,
          10
        ]
      },
      "faces": {
        "north": {
          "uv": [
            7.5,
            3,
            9,
            4
          ],
          "texture": "#0"
        },
        "east": {
          "uv": [
            4.5,
            8.5,
            5.5,
            9.5
          ],
          "texture": "#0"
        },
        "south": {
          "uv": [
            7.5,
            4,
            9,
            5
          ],
          "texture": "#0"
        },
        "west": {
          "uv": [
            0,
            9,
            1,
            10
          ],
          "texture": "#0"
        },
        "up": {
          "uv": [
            9,
            6,
            7.5,
            5
          ],
          "texture": "#0"
        },
        "down": {
          "uv": [
            9,
            6,
            7.5,
            7
          ],
          "texture": "#0"
        }
      }
    },
    {
      "from": [
        7,
        11,
        15
      ],
      "to": [
        10,
        13,
        17
      ],
      "rotation": {
        "angle": 0,
        "axis": "y",
        "origin": [
          7,
          11,
          15
        ]
      },
      "faces": {
        "north": {
          "uv": [
            7.5,
            7,
            9,
            8
          ],
          "texture": "#0"
        },
        "east": {
          "uv": [
            9,
            0,
            10,
            1
          ],
          "texture": "#0"
        },
        "south": {
          "uv": [
            6,
            8,
            7.5,
            9
          ],
          "texture": "#0"
        },
        "west": {
          "uv": [
            1,
            9,
            2,
            10
          ],
          "texture": "#0"
        },
        "up": {
          "uv": [
            9,
            9,
            7.5,
            8
          ],
          "texture": "#0"
        },
        "down": {
          "uv": [
            4.5,
            8.5,
            3,
            9.5
          ],
          "texture": "#0"
        }
      }
    }
  ],
  "display": {
    "thirdperson_righthand": {
      "translation": [
        0,
        0,
        -3
      ],
      "scale": [
        0.49609,
        0.49609,
        0.49609
      ]
    },
    "thirdperson_lefthand": {
      "translation": [
        0,
        0,
        -3
      ],
      "scale": [
        0.49609,
        0.49609,
        0.49609
      ]
    },
    "firstperson_righthand": {
      "translation": [
        -2.25,
        3.75,
        0
      ]
    },
    "firstperson_lefthand": {
      "translation": [
        -2.25,
        3.75,
        0
      ]
    },
    "ground": {
      "scale": [
        0.45898,
        0.45898,
        0.45898
      ]
    },
    "gui": {
      "rotation": [
        148.72,
        66.83,
        -143.12
      ],
      "translation": [
        -2.25,
        1.25,
        0
      ]
    },
    "head": {
      "translation": [
        0,
        0.5,
        -18.25
      ]
    },
    "fixed": {
      "translation": [
        0,
        0,
        -15.25
      ]
    }
  }
}