{
  "has_precipitation": true,
  "temperature": 0.5,
  "downfall": 0.5,
  "effects": {
    "music": {
      "sound": "music_disc.pigstep",
      "min_delay": 12000,
      "max_delay": 24000,
      "replace_current_music": true
    },
    "foliage_color": -39322,
    "grass_color": -103,
    "sky_color": 7972607,
    "fog_color": 12638463,
    "water_color": -26215,
    "water_fog_color": -26215
  },
  "spawners": {
    "monster": [
      {
        "type": "husk",
        "weight": 20,
        "minCount": 4,
        "maxCount": 4
      },
      {
        "type": "illusioner",
        "weight": 20,
        "minCount": 4,
        "maxCount": 4
      },
      {
        "type": "villager",
        "weight": 20,
        "minCount": 4,
        "maxCount": 4
      },
      {
        "type": "blaze",
        "weight": 20,
        "minCount": 4,
        "maxCount": 4
      },
      {
        "type": "magma_cube",
        "weight": 20,
        "minCount": 4,
        "maxCount": 4
      },
      {
        "type": "iron_golem",
        "weight": 20,
        "minCount": 4,
        "maxCount": 4
      }
    ],
    "creature": [],
    "ambient": [],
    "axolotls": [],
    "underground_water_creature": [],
    "water_creature": [],
    "water_ambient": [],
    "misc": []
  },
  "spawn_costs": {},
  "carvers": {
    "air": [
      "minecraft:cave",
      "minecraft:cave_extra_underground",
      "minecraft:canyon"
    ]
  },
  "features": [
    [],
    [
      "minecraft:lake_lava_underground"
    ],
    [],
    [],
    [],
    [],
    [
      "minecraft:ore_coal_upper",
      "minecraft:ore_coal_lower",
      "minecraft:ore_iron_upper",
      "minecraft:ore_iron_middle",
      "minecraft:ore_iron_small",
      "minecraft:ore_gold",
      "minecraft:ore_gold_lower",
      "minecraft:ore_redstone",
      "minecraft:ore_redstone_lower",
      "minecraft:ore_diamond",
      "minecraft:ore_diamond_large",
      "minecraft:ore_diamond_buried",
      "minecraft:ore_lapis",
      "minecraft:ore_lapis_buried",
      "minecraft:ore_copper",
      "minecraft:underwater_magma"
    ],
    [],
    [],
    [],
    [
      "minecraft:freeze_top_layer"
    ]
  ]
}