{
  "_fv": 60,
  "_type": "potion",
  "definition": {
    "potionName": "Coke",
    "splashName": "Coke",
    "lingeringName": "Coke",
    "arrowName": "Arrow of Coke",
    "effects": [
      {
        "effect": {
          "value": "SPEED"
        },
        "duration": 3648,
        "amplifier": 0,
        "ambient": false,
        "showParticles": true
      },
      {
        "effect": {
          "value": "HASTE"
        },
        "duration": 3638,
        "amplifier": 0,
        "ambient": false,
        "showParticles": true
      },
      {
        "effect": {
          "value": "REGENERATION"
        },
        "duration": 3617,
        "amplifier": 0,
        "ambient": false,
        "showParticles": true
      }
    ]
  }
}