{
  "_fv": 60,
  "_type": "command",
  "definition": {
    "commandName": "sus",
    "type": "STANDARD",
    "permissionLevel": "No requirement",
    "argsxml": "<xml xmlns=\"https://developers.google.com/blockly/xml\"><block type=\"args_start\" deletable=\"false\" x=\"40\" y=\"40\"><next><block type=\"call_procedure\"><field name=\"procedure\">TntOnBlockRightClicked</field><next><block type=\"call_procedure\"><field name=\"procedure\">LightingOnEffectActiveTick</field></block></next></block></next></block></xml>"
  }
}