{
  "has_precipitation": true,
  "temperature": 0.5,
  "downfall": 0.5,
  "effects": {
    "foliage_color": 10387789,
    "grass_color": 9470285,
    "sky_color": 7972607,
    "fog_color": 12638463,
    "water_color": 4159204,
    "water_fog_color": 329011
  },
  "spawners": {
    "monster": [
      {
        "type": "alex:spidersteve",
        "weight": 20,
        "minCount": 4,
        "maxCount": 4
      },
      {
        "type": "eye_of_ender",
        "weight": 20,
        "minCount": 4,
        "maxCount": 4
      },
      {
        "type": "firework_rocket",
        "weight": 20,
        "minCount": 4,
        "maxCount": 4
      },
      {
        "type": "item_display",
        "weight": 20,
        "minCount": 4,
        "maxCount": 4
      },
      {
        "type": "lightning_bolt",
        "weight": 20,
        "minCount": 4,
        "maxCount": 4
      },
      {
        "type": "llama_spit",
        "weight": 20,
        "minCount": 4,
        "maxCount": 4
      },
      {
        "type": "text_display",
        "weight": 20,
        "minCount": 4,
        "maxCount": 4
      },
      {
        "type": "tnt",
        "weight": 20,
        "minCount": 4,
        "maxCount": 4
      },
      {
        "type": "area_effect_cloud",
        "weight": 20,
        "minCount": 4,
        "maxCount": 4
      },
      {
        "type": "block_display",
        "weight": 20,
        "minCount": 4,
        "maxCount": 4
      },
      {
        "type": "armor_stand",
        "weight": 20,
        "minCount": 4,
        "maxCount": 4
      },
      {
        "type": "experience_bottle",
        "weight": 20,
        "minCount": 4,
        "maxCount": 4
      },
      {
        "type": "experience_orb",
        "weight": 20,
        "minCount": 4,
        "maxCount": 4
      },
      {
        "type": "giant",
        "weight": 20,
        "minCount": 4,
        "maxCount": 4
      },
      {
        "type": "spectral_arrow",
        "weight": 20,
        "minCount": 4,
        "maxCount": 4
      },
      {
        "type": "end_crystal",
        "weight": 20,
        "minCount": 4,
        "maxCount": 4
      },
      {
        "type": "evoker_fangs",
        "weight": 20,
        "minCount": 4,
        "maxCount": 4
      },
      {
        "type": "leash_knot",
        "weight": 20,
        "minCount": 4,
        "maxCount": 4
      },
      {
        "type": "trident",
        "weight": 20,
        "minCount": 4,
        "maxCount": 4
      },
      {
        "type": "spectral_arrow",
        "weight": 20,
        "minCount": 4,
        "maxCount": 4
      }
    ],
    "creature": [],
    "ambient": [],
    "axolotls": [],
    "underground_water_creature": [],
    "water_creature": [],
    "water_ambient": [],
    "misc": []
  },
  "spawn_costs": {},
  "carvers": {
    "air": [
      "minecraft:cave",
      "minecraft:cave_extra_underground",
      "minecraft:canyon"
    ]
  },
  "features": [
    [],
    [
      "minecraft:lake_lava_underground"
    ],
    [],
    [],
    [],
    [],
    [
      "minecraft:ore_coal_upper",
      "minecraft:ore_coal_lower",
      "minecraft:ore_iron_upper",
      "minecraft:ore_iron_middle",
      "minecraft:ore_iron_small",
      "minecraft:ore_gold",
      "minecraft:ore_gold_lower",
      "minecraft:ore_redstone",
      "minecraft:ore_redstone_lower",
      "minecraft:ore_diamond",
      "minecraft:ore_diamond_large",
      "minecraft:ore_diamond_buried",
      "minecraft:ore_lapis",
      "minecraft:ore_lapis_buried",
      "minecraft:ore_copper",
      "minecraft:underwater_magma"
    ],
    [],
    [],
    [
      "alex:whit_en_black_tree"
    ],
    []
  ]
}