{
  "has_precipitation": true,
  "temperature": 1,
  "downfall": 0.5,
  "effects": {
    "foliage_color": 10387789,
    "grass_color": -10079233,
    "sky_color": 7972607,
    "fog_color": 12638463,
    "water_color": -16711783,
    "water_fog_color": 329011
  },
  "spawners": {
    "monster": [
      {
        "type": "villager",
        "weight": 20,
        "minCount": 4,
        "maxCount": 4
      }
    ],
    "creature": [
      {
        "type": "owenwillett:eddie",
        "weight": 20,
        "minCount": 4,
        "maxCount": 4
      },
      {
        "type": "allay",
        "weight": 20,
        "minCount": 4,
        "maxCount": 4
      },
      {
        "type": "ocelot",
        "weight": 20,
        "minCount": 4,
        "maxCount": 4
      }
    ],
    "ambient": [],
    "axolotls": [],
    "underground_water_creature": [],
    "water_creature": [],
    "water_ambient": [],
    "misc": []
  },
  "spawn_costs": {},
  "carvers": {},
  "features": [
    [],
    [],
    [],
    [],
    [],
    [],
    [],
    [],
    [],
    [
      "owenwillett:googman_tree"
    ],
    [
      "minecraft:freeze_top_layer"
    ]
  ]
}