{
  "_fv": 66,
  "_type": "enchantment",
  "definition": {
    "name": "Bloodshed",
    "type": "WEAPON",
    "rarity": "VERY_RARE",
    "maxLevel": 255,
    "damageModifier": 0,
    "compatibleEnchantments": [
      {
        "value": "MENDING"
      }
    ],
    "excludeEnchantments": false,
    "compatibleItems": [
      {
        "value": "CUSTOM:Heartblade"
      }
    ],
    "excludeItems": false,
    "isTreasureEnchantment": false,
    "isCurse": false,
    "isAllowedOnBooks": false,
    "canGenerateInLootTables": false,
    "canVillagerTrade": false
  }
}