{
  "_fv": 66,
  "_type": "tool",
  "definition": {
    "toolType": "Sword",
    "renderType": 0,
    "blockingRenderType": 0,
    "texture": "heartsword",
    "customModelName": "Normal",
    "blockingModelName": "Normal blocking",
    "name": "Heartblade",
    "specialInformation": {
      "fixedValue": []
    },
    "creativeTabs": [
      {
        "value": "TOOLS"
      },
      {
        "value": "COMBAT"
      }
    ],
    "efficiency": 46.0,
    "attackSpeed": 99.0,
    "enchantability": 255,
    "damageVsEntity": 99999.0,
    "usageCount": 1100,
    "glowCondition": {
      "fixedValue": true
    },
    "repairItems": [],
    "immuneToFire": true,
    "blockDropsTier": "WOOD",
    "blocksAffected": [],
    "stayInGridWhenCrafting": true,
    "damageOnCrafting": false,
    "onEntityHitWith": {
      "name": "HeartbladeToolInInventoryTick"
    },
    "onItemInInventoryTick": {
      "name": "HeartbladeToolInInventoryTick"
    }
  }
}