{
  "_fv": 66,
  "_type": "potion",
  "definition": {
    "potionName": "Potion of Pain",
    "splashName": "Splash Potion of Pain",
    "lingeringName": "Lingering Potion of Pain",
    "arrowName": "Arrow of Pain",
    "effects": [
      {
        "effect": {
          "value": "LEVITATION"
        },
        "duration": 3600,
        "amplifier": 0,
        "ambient": false,
        "showParticles": true
      },
      {
        "effect": {
          "value": "SLOWNESS"
        },
        "duration": 3600,
        "amplifier": 0,
        "ambient": false,
        "showParticles": true
      },
      {
        "effect": {
          "value": "CUSTOM:Smiting"
        },
        "duration": 3600,
        "amplifier": 0,
        "ambient": false,
        "showParticles": true
      },
      {
        "effect": {
          "value": "GLOWING"
        },
        "duration": 3600,
        "amplifier": 0,
        "ambient": false,
        "showParticles": true
      },
      {
        "effect": {
          "value": "INSTANT_DAMAGE"
        },
        "duration": 3600,
        "amplifier": 0,
        "ambient": false,
        "showParticles": true
      },
      {
        "effect": {
          "value": "WITHER"
        },
        "duration": 3600,
        "amplifier": 0,
        "ambient": false,
        "showParticles": true
      },
      {
        "effect": {
          "value": "DARKNESS"
        },
        "duration": 3600,
        "amplifier": 0,
        "ambient": false,
        "showParticles": true
      }
    ]
  }
}