{
  "_fv": 66,
  "_type": "item",
  "definition": {
    "renderType": 0,
    "texture": "grenade",
    "customModelName": "Normal",
    "customProperties": {},
    "states": [],
    "name": "Grenade",
    "rarity": "EPIC",
    "creativeTabs": [
      {
        "value": "COMBAT"
      }
    ],
    "stackSize": 16,
    "enchantability": 15,
    "useDuration": 60,
    "toolType": 1.0,
    "damageCount": 100,
    "recipeRemainder": {
      "value": ""
    },
    "destroyAnyBlock": false,
    "immuneToFire": true,
    "stayInGridWhenCrafting": false,
    "damageOnCrafting": false,
    "enableMeleeDamage": false,
    "damageVsEntity": 0.0,
    "specialInformation": {
      "fixedValue": []
    },
    "glowCondition": {
      "fixedValue": false
    },
    "guiBoundTo": "<NONE>",
    "inventorySize": 9,
    "inventoryStackSize": 64,
    "onRightClickedInAir": {
      "name": "GrenadePlayerFinishesUsingItem"
    },
    "enableRanged": false,
    "shootConstantly": false,
    "rangedItemChargesPower": false,
    "projectile": {
      "value": "SpectralArrow"
    },
    "isFood": false,
    "nutritionalValue": 0,
    "saturation": 0.0,
    "eatResultItem": {
      "value": ""
    },
    "isMeat": false,
    "isAlwaysEdible": true,
    "animation": "bow"
  }
}