{
  "_fv": 66,
  "_type": "projectile",
  "definition": {
    "projectileItem": {
      "value": "CUSTOM:Grenade"
    },
    "showParticles": false,
    "actionSound": {
      "value": "entity.arrow.shoot"
    },
    "igniteFire": false,
    "power": 3.0,
    "damage": 0.0,
    "knockback": 0,
    "entityModel": "Default",
    "customModelTexture": "",
    "onHitsBlock": {
      "name": "GrenadeprojectileProjectileHitsBlock"
    },
    "onFlyingTick": {
      "name": "GrenadeprojectileWhileProjectileFlyingTick"
    }
  }
}