{
  "_fv": 66,
  "_type": "block",
  "definition": {
    "texture": "guntablebottom",
    "textureTop": "guntabletop",
    "textureLeft": "guntableside",
    "textureFront": "guntableside",
    "textureRight": "guntableside",
    "textureBack": "guntableside",
    "renderType": 10,
    "customModelName": "Normal",
    "rotationMode": 1,
    "enablePitch": false,
    "emissiveRendering": false,
    "displayFluidOverlay": false,
    "itemTexture": "",
    "particleTexture": "",
    "tintType": "No tint",
    "isItemTinted": false,
    "hasTransparency": true,
    "connectedSides": false,
    "transparencyType": "TRANSLUCENT",
    "disableOffset": false,
    "boundingBoxes": [
      {
        "mx": 0.0,
        "my": 0.0,
        "mz": 0.0,
        "Mx": 16.0,
        "My": 16.0,
        "Mz": 16.0,
        "subtract": false
      }
    ],
    "name": "Gun Table",
    "specialInformation": {
      "fixedValue": []
    },
    "hardness": 1.0,
    "resistance": 10.0,
    "hasGravity": false,
    "isWaterloggable": false,
    "creativeTabs": [
      {
        "value": "TRANSPORTATION"
      }
    ],
    "destroyTool": "Not specified",
    "customDrop": {
      "value": ""
    },
    "dropAmount": 1,
    "useLootTableForDrops": false,
    "requiresCorrectTool": false,
    "enchantPowerBonus": 0.0,
    "plantsGrowOn": false,
    "canRedstoneConnect": false,
    "lightOpacity": 0,
    "material": {
      "value": "ROCK"
    },
    "tickRate": 0,
    "tickRandomly": false,
    "isReplaceable": false,
    "canProvidePower": false,
    "emittedRedstonePower": {
      "fixedValue": 15.0
    },
    "colorOnMap": "DEFAULT",
    "creativePickItem": {
      "value": ""
    },
    "offsetType": "NONE",
    "aiPathNodeType": "DEFAULT",
    "flammability": 0,
    "fireSpreadSpeed": 0,
    "isLadder": false,
    "slipperiness": 0.6,
    "speedFactor": 1.0,
    "jumpFactor": 1.0,
    "reactionToPushing": "NORMAL",
    "isNotColidable": false,
    "isCustomSoundType": false,
    "soundOnStep": {
      "value": "METAL"
    },
    "breakSound": {
      "value": ""
    },
    "fallSound": {
      "value": ""
    },
    "hitSound": {
      "value": ""
    },
    "placeSound": {
      "value": ""
    },
    "stepSound": {
      "value": ""
    },
    "luminance": 0,
    "unbreakable": false,
    "vanillaToolTier": "NONE",
    "isBonemealable": false,
    "hasInventory": false,
    "guiBoundTo": "<NONE>",
    "openGUIOnRightClick": true,
    "inventorySize": 6,
    "inventoryStackSize": 64,
    "inventoryDropWhenDestroyed": true,
    "inventoryComparatorPower": true,
    "inventoryOutSlotIDs": [
      5
    ],
    "inventoryInSlotIDs": [],
    "hasEnergyStorage": false,
    "energyInitial": 0,
    "energyCapacity": 400000,
    "energyMaxReceive": 200,
    "energyMaxExtract": 200,
    "isFluidTank": false,
    "fluidCapacity": 8000,
    "fluidRestrictions": [],
    "generateFeature": false,
    "restrictionBiomes": [],
    "blocksToReplace": [
      {
        "value": "TAG:stone_ore_replaceables"
      }
    ],
    "generationShape": "UNIFORM",
    "frequencyPerChunks": 10,
    "frequencyOnChunk": 16,
    "minGenerateHeight": 0,
    "maxGenerateHeight": 64
  }
}