{
  "_fv": 66,
  "_type": "enchantment",
  "definition": {
    "name": "Grenade Infinity",
    "type": "BREAKABLE",
    "rarity": "COMMON",
    "maxLevel": 1,
    "damageModifier": 0,
    "compatibleEnchantments": [],
    "excludeEnchantments": false,
    "compatibleItems": [
      {
        "value": "CUSTOM:Grenade"
      }
    ],
    "excludeItems": false,
    "isTreasureEnchantment": false,
    "isCurse": false,
    "isAllowedOnBooks": true,
    "canGenerateInLootTables": true,
    "canVillagerTrade": false
  }
}