{
  "_fv": 66,
  "_type": "recipe",
  "definition": {
    "recipeType": "Crafting",
    "recipeRetstackSize": 2,
    "group": "",
    "cookingBookCategory": "MISC",
    "xpReward": 0.0,
    "cookingTime": 200,
    "craftingBookCategory": "MISC",
    "recipeShapeless": false,
    "recipeSlots": [
      {
        "value": ""
      },
      {
        "value": "Blocks.CALIBRATED_SCULK_SENSOR"
      },
      {
        "value": ""
      },
      {
        "value": "Blocks.OBSERVER"
      },
      {
        "value": "Blocks.TNT"
      },
      {
        "value": "Blocks.OBSERVER"
      },
      {
        "value": ""
      },
      {
        "value": ""
      },
      {
        "value": ""
      }
    ],
    "recipeReturnStack": {
      "value": "CUSTOM:Landmine"
    },
    "name": "landminerecipe",
    "namespace": "mod"
  }
}