{
  "_fv": 66,
  "_type": "item",
  "definition": {
    "renderType": 1,
    "texture": "t2",
    "customModelName": "gun:default",
    "customProperties": {},
    "states": [],
    "name": "Minygun",
    "rarity": "RARE",
    "creativeTabs": [
      {
        "value": "COMBAT"
      }
    ],
    "stackSize": 1,
    "enchantability": 0,
    "useDuration": 72000,
    "toolType": 0.0,
    "damageCount": 200,
    "recipeRemainder": {
      "value": ""
    },
    "destroyAnyBlock": false,
    "immuneToFire": false,
    "stayInGridWhenCrafting": false,
    "damageOnCrafting": false,
    "enableMeleeDamage": false,
    "damageVsEntity": 0.0,
    "specialInformation": {
      "fixedValue": []
    },
    "glowCondition": {
      "fixedValue": false
    },
    "guiBoundTo": "<NONE>",
    "inventorySize": 9,
    "inventoryStackSize": 64,
    "enableRanged": true,
    "shootConstantly": true,
    "rangedItemChargesPower": false,
    "projectile": {
      "value": "CUSTOM:Bullet"
    },
    "onRangedItemUsed": {
      "name": "RevolverRangedItemShootsProjectile"
    },
    "rangedUseCondition": {
      "name": "MinigunCanUse"
    },
    "isFood": false,
    "nutritionalValue": 4,
    "saturation": 0.3,
    "eatResultItem": {
      "value": ""
    },
    "isMeat": false,
    "isAlwaysEdible": false,
    "animation": "bow"
  }
}