{
  "_fv": 66,
  "_type": "item",
  "definition": {
    "renderType": 1,
    "texture": "texture2",
    "customModelName": "gu2n:default",
    "customProperties": {},
    "states": [],
    "name": "Revolver",
    "rarity": "UNCOMMON",
    "creativeTabs": [],
    "stackSize": 1,
    "enchantability": 0,
    "useDuration": 10,
    "toolType": 1.0,
    "damageCount": 9,
    "recipeRemainder": {
      "value": ""
    },
    "destroyAnyBlock": false,
    "immuneToFire": false,
    "stayInGridWhenCrafting": false,
    "damageOnCrafting": false,
    "enableMeleeDamage": false,
    "damageVsEntity": 0.0,
    "specialInformation": {
      "fixedValue": []
    },
    "glowCondition": {
      "fixedValue": false
    },
    "guiBoundTo": "<NONE>",
    "inventorySize": 9,
    "inventoryStackSize": 1,
    "enableRanged": true,
    "shootConstantly": false,
    "rangedItemChargesPower": false,
    "projectile": {
      "value": "CUSTOM:Bullet"
    },
    "onRangedItemUsed": {
      "name": "RevolverRangedItemShootsProjectile"
    },
    "rangedUseCondition": {
      "name": "RevolverCanUseRangedItem"
    },
    "isFood": false,
    "nutritionalValue": 4,
    "saturation": 0.3,
    "eatResultItem": {
      "value": ""
    },
    "isMeat": false,
    "isAlwaysEdible": false,
    "animation": "crossbow"
  }
}