{
  "has_precipitation": false,
  "temperature": 2,
  "downfall": 0,
  "effects": {
    "music": {
      "sound": "music_disc.pigstep",
      "min_delay": 12000,
      "max_delay": 24000,
      "replace_current_music": true
    },
    "foliage_color": 10387789,
    "grass_color": 9470285,
    "sky_color": 7972607,
    "fog_color": 12638463,
    "water_color": 4159204,
    "water_fog_color": 329011
  },
  "spawners": {
    "monster": [],
    "creature": [
      {
        "type": "miles_willett_tangy:beardeddragon",
        "weight": 20,
        "minCount": 10,
        "maxCount": 30
      }
    ],
    "ambient": [],
    "axolotls": [],
    "underground_water_creature": [],
    "water_creature": [],
    "water_ambient": [],
    "misc": []
  },
  "spawn_costs": {},
  "carvers": {},
  "features": [
    [],
    [],
    [
      "minecraft:forest_rock"
    ],
    [],
    [],
    [],
    [],
    [],
    [],
    [
      "minecraft:patch_dead_bush_2"
    ],
    []
  ]
}