{
  "type": "minecraft:ore",
  "config": {
    "size": 3,
    "discard_chance_on_air_exposure": 0,
    "targets": [
      {
        "target": {
          "predicate_type": "tag_match",
          "tag": "stone_ore_replaceables"
        },
        "state": {
          "Name": "owen_klein:goo"
        }
      },
      {
        "target": {
          "predicate_type": "tag_match",
          "tag": "minecraft:stone"
        },
        "state": {
          "Name": "owen_klein:goo"
        }
      }
    ]
  }
}