{
  "type": "minecraft:block",
  "random_sequence": "miles_willett_tangy:blocks/tigerseyetangy",
  "pools": [
    {
      "rolls": 1.0,
      "entries": [
        {
          "type": "minecraft:item",
          "name": "miles_willett_tangy:tigerseye",
          "functions": [
            {
              "count": 25,
              "function": "minecraft:set_count"
            },
            {
              "function": "minecraft:explosion_decay"
            }
          ]
        }
      ]
    }
  ]
}